title,yearOfRelease,rating
The Arrival of a Train at La Ciotat,1896,5
A Trip to the Moon,1902,7
The Birth of a Nation,1915,3
Nosferatu,1922,7
The Ten Commandments,1923,5
Battleship Potemkin,1925,8
The Gold Rush,1925,6
The Mummy,1932,6
The Naked Truth,1932,5
Duck Soup,1933,6
The Great Dictator,1940,6
Citizen Kane,1941,8
Casablanca,1942,9
Rope,1948,9
Singin' in the Rain,1952,7
Mit siebzehn beginnt das Leben,1953,6
All That Heaven Allows,1955,7
12 Angry Men,1957,8
A Movie,1958,6
Vertigo,1958,7
La Jetée,1962,6
Dinner for One,1963,6
Dr. Strangelove or: How I Learned to Stop Worrying and Love the Bomb,1964,8
Goldfinger,1964,6
Viva Las Vegas,1964,4
Runaway Girl,1965,3
Fahrenheit 451,1966,6
Asterix the Gaul,1967,6
2001: A Space Odyssey,1968,9
Asterix and Cleopatra,1968,6
Yellow Submarine,1968,6
The Aristocats,1970,5
They Call Me Trinity,1970,5
A Clockwork Orange,1971,8
The Beguiled,1971,6
Badlands,1973,7
The Exorcist,1973,7
The Long Goodbye,1973,8
Ali: Fear Eats the Soul,1974,7
Black Christmas,1974,7
A Man with a Maid,1975,5
Jaws,1975,9
Monty Python and the Holy Grail,1975,9
Picnic at Hanging Rock,1975,2
The Rocky Horror Picture Show,1975,7
Network,1976,8
Taxi Driver,1976,8
Star Wars,1977,8
The Man in the Iron Mask,1977,6
Grease,1978,6
Apocalypse Now,1979,9
Life of Brian,1979,9
Woyzeck,1979,6
Airplane!,1980,10
The Blues Brothers,1980,6
The Empire Strikes Back,1980,9
The Last Witness,1980,8
The Shining,1980,9
My Dinner with Andre,1981,8
Raiders of the Lost Ark,1981,8
Blade Runner,1982,7
Gandhi,1982,6
Pink Floyd: The Wall,1982,6
The King of Comedy,1982,8
The Thing,1982,10
Monty Python's The Meaning of Life,1983,4
One Deadly Summer,1983,5
Return of the Jedi,1983,8
Abnormal Family,1984,6
Ghostbusters,1984,8
Gremlins,1984,5
Indiana Jones and the Temple of Doom,1984,8
Police Academy,1984,6
The NeverEnding Story,1984,5
Asterix vs. Caesar,1985,6
Back to the Future,1985,8
The Breakfast Club,1985,6
Asterix in Britain,1986,6
Children of a Lesser God,1986,4
Pirates,1986,5
Stand by Me,1986,7
The Name of the Rose,1986,6
Top Gun,1986,2
A Muppet Family Christmas,1987,6
Full Metal Jacket,1987,6
Spaceballs,1987,7
The Lost Boys,1987,6
A Fish Called Wanda,1988,7
Crocodile Dundee II,1988,4
Die Hard,1988,8
My Neighbor Totoro,1988,8
Scrooged,1988,7
The Naked Gun: From the Files of Police Squad!,1988,7
Twins,1988,5
Asterix and the Big Fight,1989,6
Batman,1989,8
Bill & Ted's Excellent Adventure,1989,6
Dead Poets Society,1989,6
Ghostbusters II,1989,6
Indiana Jones and the Last Crusade,1989,8
The Little Mermaid,1989,6
Turner & Hooch,1989,6
Twin Peaks,1989,10
Kindergarten Cop,1990,4
Pretty Woman,1990,6
Total Recall,1990,6
Tremors,1990,6
Barton Fink,1991,9
Beauty and the Beast,1991,5
Hook,1991,4
Hot Shots!,1991,8
Night on Earth,1991,9
The Naked Gun 2½: The Smell of Fear,1991,7
The Silence of the Lambs,1991,7
Aladdin,1992,5
Army of Darkness,1992,8
Batman Returns,1992,7
Death Becomes Her,1992,6
Glengarry Glen Ross,1992,8
Home Alone 2: Lost in New York,1992,5
Reservoir Dogs,1992,9
Sister Act,1992,5
Beethoven's 2nd,1993,2
Cool Runnings,1993,5
Dazed and Confused,1993,7
Groundhog Day,1993,8
Hot Shots! Part Deux,1993,7
Jurassic Park,1993,7
Kalifornia,1993,5
Manhattan Murder Mystery,1993,7
Mrs. Doubtfire,1993,4
Robin Hood: Men in Tights,1993,5
Sister Act 2: Back in the Habit,1993,4
True Romance,1993,6
What's Eating Gilbert Grape,1993,6
Asterix Conquers America,1994,5
Dumb and Dumber,1994,2
Ed Wood,1994,8
Junior,1994,3
Léon: The Professional,1994,5
Naked Gun 33⅓: The Final Insult,1994,6
Pulp Fiction,1994,9
Ri¢hie Ri¢h,1994,3
"Surf, Sand and Sex",1994,5
The Flintstones,1994,3
The Lion King,1994,8
The Mask,1994,6
The Santa Clause,1994,5
The Shawshank Redemption,1994,8
Bad Boys,1995,4
Before Sunrise,1995,8
Braveheart,1995,6
Casino,1995,8
Casper,1995,5
Dangerous Minds,1995,4
Four Rooms,1995,5
GoldenEye,1995,6
Jumanji,1995,7
Living in Oblivion,1995,3
Mortal Kombat,1995,6
Pocahontas,1995,5
Se7en,1995,8
Showgirls,1995,3
Strange Days,1995,6
Toy Story,1995,6
101 Dalmatians,1996,4
DragonHeart,1996,5
Fargo,1996,8
Flirting with Disaster,1996,6
From Dusk Till Dawn,1996,7
Happy Gilmore,1996,4
Hard Eight,1996,7
Jingle All the Way,1996,5
Mars Attacks!,1996,7
Matilda,1996,8
Mission: Impossible,1996,8
Primal Fear,1996,6
Romeo + Juliet,1996,7
Scream,1996,10
Space Jam,1996,6
The First Wives Club,1996,3
The Hunchback of Notre Dame,1996,6
The Nutty Professor,1996,2
Boogie Nights,1997,10
Con Air,1997,7
Cube,1997,6
Event Horizon,1997,5
Face/Off,1997,8
Flubber,1997,5
George of the Jungle,1997,3
Hercules,1997,6
Home Alone 3,1997,5
Jackie Brown,1997,8
L.A. Confidential,1997,4
Liar Liar,1997,2
Life Is Beautiful,1997,8
Lost Highway,1997,7
Men in Black,1997,6
Mimic,1997,6
Open Your Eyes,1997,6
Scream 2,1997,8
Seven Years in Tibet,1997,6
Starship Troopers,1997,6
The Devil's Advocate,1997,6
The Fifth Element,1997,6
The Lost World: Jurassic Park,1997,6
Titanic,1997,8
A Bug's Life,1998,6
American History X,1998,7
Antz,1998,5
Armageddon,1998,5
Blade,1998,4
Dark City,1998,7
Doctor Dolittle,1998,4
Fear and Loathing in Las Vegas,1998,6
Godzilla,1998,5
Happiness,1998,7
Mulan,1998,8
Patch Adams,1998,7
Pleasantville,1998,7
Rush Hour,1998,6
Rushmore,1998,8
The Big Lebowski,1998,9
The Horse Whisperer,1998,4
The Quiet Family,1998,6
The Truman Show,1998,8
The Waterboy,1998,3
There's Something About Mary,1998,5
What Dreams May Come,1998,4
10 Things I Hate About You,1999,8
American Beauty,1999,8
American Pie,1999,5
Asterix and Obelix vs. Caesar,1999,6
Attack the Gas Station!,1999,8
Austin Powers: The Spy Who Shagged Me,1999,6
Being John Malkovich,1999,9
Big Daddy,1999,5
Blue Streak,1999,2
Cruel Intentions,1999,7
Deep Blue Sea,1999,3
Dogma,1999,6
Fight Club,1999,9
Magnolia,1999,10
Notting Hill,1999,7
Office Space,1999,6
Pokémon the Movie 2000,1999,3
Sleepy Hollow,1999,5
Star Wars: Episode I – The Phantom Menace,1999,8
Stuart Little,1999,3
Tarzan,1999,6
The Astronaut's Wife,1999,5
The Blair Witch Project,1999,10
The Boondock Saints,1999,3
The Green Mile,1999,7
The Matrix,1999,9
The Ninth Gate,1999,6
The Sixth Sense,1999,9
Toy Story 2,1999,6
Wild Wild West,1999,6
American Psycho,2000,7
Barking Dogs Never Bite,2000,10
Battle Royale,2000,7
Big Momma's House,2000,1
Billy Elliot,2000,6
Cast Away,2000,7
Charlie's Angels,2000,5
Chicken Run,2000,5
Chocolat,2000,6
"Come, Sweet Death",2000,9
"Dude, Where's My Car?",2000,6
Erkan & Stefan,2000,1
High Fidelity,2000,6
How the Grinch Stole Christmas,2000,6
Joint Security Area,2000,7
Keeping the Faith,2000,6
Memento,2000,6
Mission: Impossible II,2000,4
"O Brother, Where Art Thou?",2000,8
Requiem for a Dream,2000,6
Road Trip,2000,5
Scary Movie,2000,8
Scream 3,2000,6
Shanghai Noon,2000,5
Snatch,2000,5
The Beach,2000,6
The Crimson Rivers,2000,7
The Emperor's New Groove,2000,6
The Foul King,2000,8
The Gleaners and I,2000,7
The Whole Nine Yards,2000,6
Unbreakable,2000,6
X-Men,2000,6
A Beautiful Mind,2001,4
A Knight's Tale,2001,6
American Pie 2,2001,5
Black Knight,2001,3
Blow,2001,6
Bridget Jones's Diary,2001,6
Donnie Darko,2001,9
Dr. Dolittle 2,2001,2
Driven,2001,3
Evolution,2001,5
Final Fantasy: The Spirits Within,2001,4
From Hell,2001,6
Harry Potter and the Philosopher's Stone,2001,8
Jay and Silent Bob Strike Back,2001,5
Joy Ride,2001,3
K-PAX,2001,6
Manitou's Shoe,2001,5
"Monsters, Inc.",2001,6
My Sassy Girl,2001,8
Ocean's Eleven,2001,6
Pearl Harbor,2001,2
Rat Race,2001,5
Rush Hour 2,2001,5
Scary Movie 2,2001,5
Shrek,2001,6
Spirited Away,2001,7
Spy Kids,2001,1
Suicide Club,2001,8
The Experiment,2001,4
The Fast and the Furious,2001,4
The Hole,2001,2
The Lord of the Rings: The Fellowship of the Ring,2001,9
The Mummy Returns,2001,2
Vanilla Sky,2001,6
Wet Hot American Summer,2001,10
Zoolander,2001,6
28 Days Later,2002,7
8 Mile,2002,4
About a Boy,2002,6
Ali G Indahouse,2002,4
Asterix & Obelix: Mission Cleopatra,2002,6
Austin Powers in Goldmember,2002,6
Bend It Like Beckham,2002,5
Blade II,2002,4
Bowling for Columbine,2002,6
Catch Me If You Can,2002,6
Cube 2: Hypercube,2002,2
Equilibrium,2002,1
Harry Potter and the Chamber of Secrets,2002,7
Hero,2002,6
Ice Age,2002,5
Men in Black II,2002,5
Minority Report,2002,8
Mr. Deeds,2002,4
Murder by Numbers,2002,3
National Lampoon's Van Wilder,2002,5
One Hour Photo,2002,5
Phone Booth,2002,6
Punch-Drunk Love,2002,6
Rabbits,2002,6
Red Dragon,2002,5
Reign of Fire,2002,2
Scooby-Doo,2002,5
Signs,2002,5
Spider-Man,2002,6
Star Wars: Episode II – Attack of the Clones,2002,2
Sympathy for Mr. Vengeance,2002,8
Talk to Her,2002,5
The Bourne Identity,2002,6
The Lord of the Rings: The Two Towers,2002,8
The Mothman Prophecies,2002,8
The Spanish Apartment,2002,6
Undercover Brother,2002,5
Whale Rider,2002,7
Wishcraft,2002,5
American Wedding,2003,3
Anger Management,2003,6
Bad Boys II,2003,3
Big Fish,2003,7
Bruce Almighty,2003,4
Bulletproof Monk,2003,5
Capturing the Friedmans,2003,8
Charlie's Angels: Full Throttle,2003,5
Coffee and Cigarettes,2003,8
Daredevil,2003,3
Devotion,2003,2
Dogville,2003,6
Dracula II: Ascension,2003,4
Final Destination 2,2003,5
Finding Nemo,2003,7
Freaky Friday,2003,3
Identity,2003,7
Intolerable Cruelty,2003,6
Just Married,2003,5
Kill Bill: Vol. 1,2003,6
Los Angeles Plays Itself,2003,8
Lost in Translation,2003,8
Love Actually,2003,5
Memories of Murder,2003,9
Monsieur Ibrahim,2003,5
Old School,2003,4
Oldboy,2003,9
Ong-Bak,2003,6
Pirates of the Caribbean: The Curse of the Black Pearl,2003,8
Scary Movie 3,2003,6
School of Rock,2003,4
Shanghai Knights,2003,5
"Spring, Summer, Fall, Winter... and Spring",2003,7
Swimming Pool,2003,4
The Dreamers,2003,6
The League of Extraordinary Gentlemen,2003,6
The Life of David Gale,2003,2
The Lord of the Rings: The Return of the King,2003,8
The Matrix Reloaded,2003,5
The Matrix Revolutions,2003,5
The Room,2003,8
The Station Agent,2003,7
Werner - Gekotzt wird später!,2003,2
X2,2003,4
(T)Raumschiff Surprise - Periode 1,2004,3
50 First Dates,2004,5
7 Zwerge - Männer allein im Wald,2004,4
Anchorman: The Legend of Ron Burgundy,2004,10
Before Sunset,2004,10
Blade: Trinity,2004,2
Bridget Jones: The Edge of Reason,2004,5
Closer,2004,7
Crimson Rivers II: Angels of the Apocalypse,2004,5
Cube Zero,2004,2
DodgeBall: A True Underdog Story,2004,6
Eternal Sunshine of the Spotless Mind,2004,8
EuroTrip,2004,7
Fahrenheit 9/11,2004,6
Finding Neverland,2004,5
Flight of the Phoenix,2004,4
Garden State,2004,9
Garfield,2004,2
Happily Ever After,2004,6
Harold & Kumar Go to White Castle,2004,6
Harry Potter and the Prisoner of Azkaban,2004,7
Hellboy,2004,2
Howl's Moving Castle,2004,6
I ♥ Huckabees,2004,8
Kill Bill: The Whole Bloody Affair,2004,9
Kill Bill: Vol. 2,2004,6
Mean Creek,2004,7
Mean Girls,2004,6
Napoleon Dynamite,2004,8
Ocean's Twelve,2004,5
Primer,2004,8
Saw,2004,8
Secret Window,2004,6
Shall We Dance?,2004,6
Shark Tale,2004,3
Shaun of the Dead,2004,6
Shrek 2,2004,5
Silentium,2004,8
Six Shooter,2004,6
Spider-Man 2,2004,6
Starsky & Hutch,2004,8
Super Size Me,2004,6
The Butterfly Effect,2004,7
The Day After Tomorrow,2004,4
The Edukators,2004,4
The Girl Next Door,2004,6
The Incredibles,2004,5
The Life Aquatic with Steve Zissou,2004,8
The Machinist,2004,6
The Passion of the Christ,2004,3
The Polar Express,2004,4
The SpongeBob SquarePants Movie,2004,4
The Trixxer,2004,6
The Village,2004,2
The Whole Ten Yards,2004,5
Troy,2004,4
Van Helsing,2004,4
Walking Tall,2004,2
13 Tzameti,2005,8
A Bittersweet Life,2005,9
A Lot Like Love,2005,5
American Pie Presents: Band Camp,2005,2
Antibodies,2005,5
Batman Begins,2005,4
Boogeyman,2005,1
Brick,2005,8
Brokeback Mountain,2005,6
Broken Flowers,2005,7
Charlie and the Chocolate Factory,2005,6
Chicken Little,2005,4
Cyber Seduction: His Secret Life,2005,1
Election,2005,8
Elektra,2005,2
Fantastic Four,2005,4
Final Fantasy VII: Advent Children,2005,4
Hard Candy,2005,4
Harry Potter and the Goblet of Fire,2005,8
Hitch,2005,5
How Much Do You Love Me?,2005,6
King Kong,2005,6
Kingdom of Heaven,2005,5
Kiss Kiss Bang Bang,2005,7
Lady Vengeance,2005,8
Lie with Me,2005,3
Madagascar,2005,6
Man of the House,2005,2
NVA,2005,6
Red Eye,2005,6
Robots,2005,3
Saw II,2005,4
Serenity,2005,4
Sin City,2005,8
Single White Female 2: The Psycho,2005,1
Star Wars: Episode III – Revenge of the Sith,2005,2
Syriana,2005,7
Thank You for Smoking,2005,8
The 40 Year Old Virgin,2005,8
The Brothers Grimm,2005,6
The Descent,2005,7
The Dukes of Hazzard,2005,3
The Hitchhiker's Guide to the Galaxy,2005,8
The Legend of Zorro,2005,4
The Nun,2005,1
The Pacifier,2005,2
Tideland,2005,6
Tsotsi,2005,5
V for Vendetta,2005,3
War of the Worlds,2005,5
Wedding Crashers,2005,4
300,2006,6
7 Dwarves: The Forest Is Not Enough,2006,2
Aachi and Ssipak,2006,6
Alpha Dog,2006,6
American Pie Presents: The Naked Mile,2006,1
An Inconvenient Truth,2006,5
Babel,2006,6
Basic Instinct 2,2006,1
Big Nothing,2006,7
Borat: Cultural Learnings of America for Make Benefit Glorious Nation of Kazakhstan,2006,8
Cars,2006,5
Children of Men,2006,7
Click,2006,2
Crank,2006,6
Date Movie,2006,1
DOA: Dead or Alive,2006,3
FC Venus,2006,5
Final Destination 3,2006,2
Flushed Away,2006,6
Garfield: A Tail of Two Kitties,2006,2
High School Musical,2006,4
"I'm a Cyborg, But That's OK",2006,6
Ice Age: The Meltdown,2006,5
Idiocracy,2006,6
Inland Empire,2006,5
Little Miss Sunshine,2006,7
Lucky Number Slevin,2006,2
Mission: Impossible III,2006,5
Night at the Museum,2006,5
"OSS 117: Cairo, Nest of Spies",2006,7
Over the Hedge,2006,5
Pan's Labyrinth,2006,6
Perfume: The Story of a Murderer,2006,6
Pirates of the Caribbean: Dead Man's Chest,2006,6
Saw III,2006,3
Scary Movie 4,2006,3
Smokin' Aces,2006,7
Southland Tales,2006,6
Still Alive: A Film About Krzysztof Kieslowski,2006,4
Stranger Than Fiction,2006,8
Tenacious D in The Pick of Destiny,2006,6
The Departed,2006,7
The Devil Wears Prada,2006,7
The Ex,2006,2
The Fast and the Furious: Tokyo Drift,2006,2
The Host,2006,10
The Last Kiss,2006,6
The Pink Panther,2006,5
The Prestige,2006,6
The Pursuit of Happyness,2006,5
The Wild Chicks,2006,1
Ultraviolet,2006,1
1408,2007,5
30 Days of Night,2007,2
American Pie Presents: Beta House,2007,2
Dan in Real Life,2007,6
Death Proof,2007,8
Disturbia,2007,4
Elite Squad,2007,8
Evan Almighty,2007,4
Funny Games,2007,8
Futurama: Bender's Big Score,2007,6
Good Luck Chuck,2007,2
Hansel & Gretel,2007,5
Harry Potter and the Order of the Phoenix,2007,7
He Was a Quiet Man,2007,6
Head Under Water,2007,7
High School Musical 2,2007,2
Hitman,2007,6
Hot Fuzz,2007,7
Hot Rod,2007,7
Hotel Chevalier,2007,5
I Am Legend,2007,2
I Now Pronounce You Chuck & Larry,2007,5
Into the Wild,2007,7
Juno,2007,7
Knocked Up,2007,5
Lars and the Real Girl,2007,6
Lissi and the Wild Emperor,2007,4
Louis C.K.: Shameless,2007,8
Meet Bill,2007,2
Mirrors,2007,5
Mr. Bean's Holiday,2007,5
Mr. Brooks,2007,7
Murder Party,2007,5
Music and Lyrics,2007,5
My Blueberry Nights,2007,7
No Country for Old Men,2007,9
Ocean's Thirteen,2007,5
Pirates of the Caribbean: At World's End,2007,4
Rabbit Without Ears,2007,5
Ratatouille,2007,6
Resident Evil: Extinction,2007,4
Rush Hour 3,2007,4
Saw IV,2007,2
Shrek the Third,2007,3
Sicko,2007,6
Spider-Man 3,2007,4
Sunshine,2007,7
Super High Me,2007,5
Superbad,2007,8
Sweeney Todd: The Demon Barber of Fleet Street,2007,5
Teeth,2007,5
The Assassination of Jesse James by the Coward Robert Ford,2007,8
The Counterfeiters,2007,6
The Darjeeling Limited,2007,7
The Heartbreak Kid,2007,2
The King of Kong: A Fistful of Quarters,2007,9
The Mist,2007,6
The Simpsons Movie,2007,5
The Ten,2007,6
There Will Be Blood,2007,9
Timecrimes,2007,8
To Each His Own Cinema,2007,7
Transformers,2007,5
Trick 'r Treat,2007,5
Waitress,2007,5
Why Men Don't Listen and Women Can't Read Maps,2007,6
Wind Chill,2007,5
Zodiac,2007,6
"10,000 BC",2008,2
21,2008,3
27 Dresses,2008,2
Asterix at the Olympic Games,2008,4
Australia,2008,4
Blindness,2008,6
Bronson,2008,6
Burn After Reading,2008,7
Cloverfield,2008,6
Die Geschichte vom Brandner Kaspar,2008,5
Disaster Movie,2008,1
Dr. Horrible's Sing-Along Blog,2008,7
Forgetting Sarah Marshall,2008,9
Futurama: Bender's Game,2008,6
Futurama: The Beast with a Billion Backs,2008,6
Get Smart,2008,8
Gran Torino,2008,6
Hancock,2008,4
Harold & Kumar Escape from Guantanamo Bay,2008,5
How to Lose Friends & Alienate People,2008,4
In Bruges,2008,8
Inkheart,2008,3
Iron Man,2008,6
Let the Right One In,2008,7
Louis C.K.: Chewed Up,2008,8
Love Exposure,2008,8
Mamma Mia!,2008,5
Meet the Spartans,2008,1
My Sassy Girl,2008,4
Nick and Norah's Infinite Playlist,2008,6
Pathology,2008,5
Pineapple Express,2008,6
Role Models,2008,6
Saw V,2008,2
Sense and Sensibility,2008,5
Stag Night,2008,1
Step Brothers,2008,4
Superhero Movie,2008,2
"Synecdoche, New York",2008,8
The Baader Meinhof Complex,2008,6
The Brothers Bloom,2008,8
The Chaser,2008,9
The Dark Knight,2008,9
"The Good, the Bad, the Weird",2008,8
The Hurt Locker,2008,8
The Love Guru,2008,2
The Oxford Murders,2008,4
The Reader,2008,5
The Rocker,2008,5
The Wackness,2008,7
The Wave,2008,6
The Wild Soccer Bunch 5,2008,1
Tropic Thunder,2008,5
Vicky Cristina Barcelona,2008,6
Wanted,2008,6
Welcome to the Sticks,2008,6
Yes Man,2008,3
You Don't Mess with the Zohan,2008,6
Zack and Miri Make a Porno,2008,5
(500) Days of Summer,2009,9
9,2009,6
A Serious Man,2009,9
Adventureland,2009,5
Avatar,2009,4
Bad Lieutenant: Port of Call – New Orleans,2009,8
Beautiful,2009,5
Black Dynamite,2009,8
Brothers,2009,6
Cloudy with a Chance of Meatballs,2009,6
Contact High,2009,6
Couples Retreat,2009,5
Crank: High Voltage,2009,6
Dead Snow,2009,6
District 9,2009,9
Dogtooth,2009,6
Drag Me to Hell,2009,6
Extract,2009,5
Fanboys,2009,6
Fired Up!,2009,6
Fish Tank,2009,6
Funny People,2009,3
Futurama: Into the Wild Green Yonder,2009,6
Gamer,2009,3
Harry Potter and the Half-Blood Prince,2009,8
He's Just Not That Into You,2009,5
I Hate Valentine's Day,2009,2
"I Love You, Man",2009,5
Inglourious Basterds,2009,8
Invictus,2009,4
Jennifer's Body,2009,3
Jonas Brothers: The Concert Experience,2009,1
Mary and Max,2009,8
Mega Shark vs. Giant Octopus,2009,1
Miss March,2009,1
Mother,2009,10
Mystery Team,2009,8
Night at the Museum: Battle of the Smithsonian,2009,4
Observe and Report,2009,7
OSS 117: Lost in Rio,2009,7
Paul Blart: Mall Cop,2009,4
Precious: Based on the Novel 'Push' by Sapphire,2009,5
Public Enemies,2009,2
Saw VI,2009,2
Sherlock Holmes,2009,2
Splice,2009,6
Star Trek,2009,6
The Bone Man,2009,7
The Box,2009,6
The Hangover,2009,6
The Proposal,2009,5
The Stepfather,2009,3
The White Ribbon,2009,7
Thirst,2009,7
Transformers: Revenge of the Fallen,2009,3
Triangle,2009,6
Up in the Air,2009,8
Valhalla Rising,2009,5
Vengeance,2009,6
Watchmen,2009,8
Whiteout,2009,2
World's Greatest Dad,2009,6
Year One,2009,6
Youth in Revolt,2009,2
Zombieland,2009,6
127 Hours,2010,6
13 Assassins,2010,6
Aufschneider,2010,7
Bedevilled,2010,6
Beginners,2010,6
Biutiful,2010,6
Black Swan,2010,6
Blue Valentine,2010,6
Burlesque,2010,2
Catfish,2010,4
Cave of Forgotten Dreams,2010,6
Certified Copy,2010,8
Cleveland Versus Wall Street,2010,6
Cold Fish,2010,7
Confessions,2010,6
Cop Out,2010,4
Curling,2010,6
Date Night,2010,6
Despicable Me,2010,7
Dinner for Schmucks,2010,7
Due Date,2010,6
Easy A,2010,7
Everything Must Go,2010,6
Exit Through the Gift Shop,2010,8
Father of Invention,2010,6
Four Lions,2010,7
Going the Distance,2010,5
Green Zone,2010,4
Greenberg,2010,6
Griff the Invisible,2010,6
Grown Ups,2010,4
Gulliver's Travels,2010,4
Happythankyoumoreplease,2010,7
Harry Potter and the Deathly Hallows: Part 1,2010,8
Hesher,2010,6
Hot Tub Time Machine,2010,4
I Saw the Devil,2010,7
Inception,2010,6
Iron Man 2,2010,4
It's Kind of a Funny Story,2010,6
Jackass 3D,2010,3
Kick-Ass,2010,6
Killers,2010,1
Knight and Day,2010,5
Let Me In,2010,7
Louis C.K.: Hilarious,2010,8
MacGruber,2010,7
Machete,2010,6
Monsters,2010,5
Nothing to Declare,2010,6
Peep World,2010,5
Piranha 3D,2010,5
Predators,2010,4
Robin Hood,2010,4
Room in Rome,2010,5
Rubber,2010,7
Saw 3D,2010,1
Scott Pilgrim vs. the World,2010,9
Shutter Island,2010,8
Skyline,2010,3
Smokin' Aces 2: Assassins' Ball,2010,4
Submarine,2010,6
Super,2010,8
The Kids Are All Right,2010,6
The King's Speech,2010,6
The Last Airbender,2010,1
The Losers,2010,5
The Names of Love,2010,5
The Other Guys,2010,8
The Runaways,2010,5
The Social Network,2010,10
The Tourist,2010,3
The Unintentional Kidnapping of Mrs. Elfriede Ott,2010,7
The Whistleblower,2010,6
The Wolfman,2010,4
The Yellow Sea,2010,6
TRON: Legacy,2010,4
True Grit,2010,6
Trust,2010,5
Tucker and Dale vs. Evil,2010,6
Vampires Suck,2010,1
When in Rome,2010,2
Wild Target,2010,6
Winter's Bone,2010,6
You Again,2010,1
30 Minutes or Less,2011,4
50/50,2011,7
A Good Old Fashioned Orgy,2011,3
A Separation,2011,8
A Very Harold & Kumar Christmas,2011,6
Albert Nobbs,2011,5
Almanya: Welcome to Germany,2011,6
Another Earth,2011,6
Arthur,2011,3
Attack the Block,2011,6
Bad Teacher,2011,4
Battle: Los Angeles,2011,2
Bernie,2011,8
Black Mirror: Fifteen Million Merits,2011,7
Black Mirror: The Entire History of You,2011,8
Black Mirror: The National Anthem,2011,8
Bridesmaids,2011,5
Butter,2011,6
Captain America: The First Avenger,2011,2
Carnage,2011,7
Cedar Rapids,2011,6
Comic-Con Episode IV: A Fan's Hope,2011,6
Cowboys & Aliens,2011,2
Dark Horse,2011,6
Detachment,2011,5
Detention,2011,8
Drive,2011,10
Extremely Loud & Incredibly Close,2011,4
Fast Five,2011,7
Fight for Your Right Revisited,2011,6
Friends with Benefits,2011,4
Friends with Kids,2011,6
Fright Night,2011,6
God Bless America,2011,4
Goon,2011,6
Hall Pass,2011,3
Hanna,2011,4
Happy New Year,2011,1
Harry Potter and the Deathly Hallows: Part 2,2011,7
Haywire,2011,5
Hobo with a Shotgun,2011,6
Horrible Bosses,2011,6
Hugo,2011,6
"Jeff, Who Lives at Home",2011,6
Jiro Dreams of Sushi,2011,7
Judy Moody and the Not Bummer Summer,2011,5
Kebab mit Alles,2011,3
Kill List,2011,6
Killer Joe,2011,5
Largo Winch II,2011,4
Late Bloomers,2011,5
Limitless,2011,6
Love and Other Anxieties,2011,5
Low Life,2011,2
Mardi Gras: Spring Break,2011,1
Martha Marcy May Marlene,2011,8
Melancholia,2011,4
Midnight in Paris,2011,8
Mission: Impossible – Ghost Protocol,2011,7
Moneyball,2011,9
No Strings Attached,2011,3
Our Idiot Brother,2011,6
Paul,2011,5
Perfect Sense,2011,6
Pirates of the Caribbean: On Stranger Tides,2011,1
POM Wonderful Presents: The Greatest Movie Ever Sold,2011,6
Quick,2011,6
Red State,2011,6
Rise of the Planet of the Apes,2011,6
Salmon Fishing in the Yemen,2011,4
Samsara,2011,8
Sanctum,2011,3
Scream 4,2011,5
Shame,2011,7
Something Borrowed,2011,4
Source Code,2011,6
Sucker Punch,2011,2
Super 8,2011,4
Take Me Home Tonight,2011,6
Take Shelter,2011,8
Terri,2011,6
The Adjustment Bureau,2011,6
The Artist,2011,6
The Beaver,2011,7
The Best Exotic Marigold Hotel,2011,5
The Big Year,2011,4
The Cabin in the Woods,2011,9
The Change-Up,2011,3
The Color Wheel,2011,10
The Deep Blue Sea,2011,6
The Descendants,2011,6
The Girl with the Dragon Tattoo,2011,8
The Green Hornet,2011,3
The Guard,2011,7
The Hangover Part II,2011,3
The Help,2011,6
The Ides of March,2011,7
The Inbetweeners Movie,2011,6
The Intouchables,2011,6
The Pact,2011,4
The Raid,2011,5
The Rum Diary,2011,7
The Sitter,2011,3
The Skin I Live In,2011,6
The Thing,2011,5
The Tree of Life,2011,5
Thor,2011,4
Tower Heist,2011,5
Transformers: Dark of the Moon,2011,2
Trespass,2011,4
Utta Danella - Liebe mit Lachfalten,2011,1
War Horse,2011,2
Warrior,2011,7
What a Man,2011,2
Whores' Glory,2011,8
Win Win,2011,7
X-Men: First Class,2011,6
You're Next,2011,6
Young Adult,2011,8
21 Jump Street,2012,8
"3, 2, 1... Frankie Go Boom",2012,3
Abraham Lincoln: Vampire Hunter,2012,5
American Mary,2012,4
American Reunion,2012,3
Arbitrage,2012,5
Argo,2012,8
Auf der Spur des Löwen,2012,4
Bachelorette,2012,6
Beasts of the Southern Wild,2012,8
Brave,2012,6
Casa de Mi Padre,2012,5
Chronicle,2012,6
Cloud Atlas,2012,4
Compliance,2012,6
Dark Shadows,2012,3
Django Unchained,2012,6
Dredd,2012,6
Drug War,2012,8
End of Watch,2012,5
Frances Ha,2012,7
Fun Size,2012,5
Gambit,2012,3
Ginger & Rosa,2012,3
Hit & Run,2012,6
Hope Springs,2012,5
House at the End of the Street,2012,1
How to Make Money Selling Drugs,2012,7
Hyde Park on Hudson,2012,3
In Another Country,2012,7
In the House,2012,8
Indie Game: The Movie,2012,7
Iron Sky,2012,6
It's a Disaster,2012,6
Jack & Diane,2012,4
John Dies at the End,2012,2
Killing Them Softly,2012,8
Les Misérables,2012,6
Liberal Arts,2012,6
Life of Pi,2012,6
Lincoln,2012,6
Lockout,2012,6
Looper,2012,9
Magic Mike,2012,6
Mansome,2012,5
Mekong Hotel,2012,4
Men in Black 3,2012,5
Moonrise Kingdom,2012,8
Much Ado About Nothing,2012,6
Mud,2012,6
Museum Hours,2012,9
My Awkward Sexual Adventure,2012,4
On the Road,2012,4
Paperman,2012,8
Parental Guidance,2012,2
Pitch Perfect,2012,6
Pixelschatten,2012,6
Playing for Keeps,2012,1
Project X,2012,3
Prometheus,2012,6
Quartet,2012,4
Red Dawn,2012,1
Robot & Frank,2012,6
Rock of Ages,2012,3
Room 237,2012,6
Ruby Sparks,2012,6
Safety Not Guaranteed,2012,6
Savages,2012,6
Save the Date,2012,4
Searching for Sugar Man,2012,8
Seeking a Friend for the End of the World,2012,6
Seven Psychopaths,2012,7
Sightseers,2012,4
Silver Linings Playbook,2012,7
Skyfall,2012,6
Sleepwalk with Me,2012,6
Snow White and the Huntsman,2012,3
Spring Breakers,2012,9
Step Up Revolution,2012,2
Stories We Tell,2012,7
Ted,2012,3
That's My Boy,2012,3
The ABCs of Death,2012,3
The Act of Killing,2012,10
The Amazing Spider-Man,2012,4
The Avengers,2012,8
The Bay,2012,5
The Bourne Legacy,2012,3
The Brass Teapot,2012,2
The Campaign,2012,6
The Comedy,2012,6
The Company You Keep,2012,4
The Dark Knight Rises,2012,5
The Do-Deca-Pentathlon,2012,6
The Giant Mechanical Man,2012,5
The Guilt Trip,2012,5
The Hobbit: An Unexpected Journey,2012,3
The Hunger Games,2012,3
The Iceman,2012,3
The Imposter,2012,6
The Last Time I Saw Macao,2012,3
The Man with the Iron Fists,2012,4
The Master,2012,8
The Perks of Being a Wallflower,2012,7
The Place Beyond the Pines,2012,6
The Queen of Versailles,2012,9
The Sessions,2012,6
The Thieves,2012,6
The Ventriloquist,2012,7
The Watch,2012,4
This Is 40,2012,6
This Means War,2012,6
Tim and Eric's Billion Dollar Movie,2012,5
To Rome with Love,2012,5
Total Recall,2012,2
Tsunami - Das Leben danach,2012,3
V/H/S,2012,6
Walker,2012,6
Wanderlust,2012,4
Wrath of the Titans,2012,3
Wreck-It Ralph,2012,6
Wrong,2012,5
Zero Dark Thirty,2012,10
12 Years a Slave,2013,6
2 Guns,2013,6
52 Tuesdays,2013,6
A Touch of Sin,2013,7
A.C.O.D.,2013,5
About Time,2013,6
Afternoon Delight,2013,6
Ain't Them Bodies Saints,2013,6
All Cheerleaders Die,2013,5
American Hustle,2013,7
Anchorman 2: The Legend Continues,2013,6
Ass Backwards,2013,3
Bad Milo!,2013,4
Beautiful Creatures,2013,3
Before Midnight,2013,8
Begin Again,2013,6
Black Mirror: Be Right Back,2013,7
Blackfish,2013,6
Blind Detective,2013,7
Blue Is the Warmest Color,2013,6
Blue Jasmine,2013,7
Captain Phillips,2013,6
Carrie,2013,4
Charlie Countryman,2013,5
Coffee Town,2013,5
Computer Chess,2013,9
Crystal Fairy & the Magical Cactus,2013,6
Cutie and the Boxer,2013,7
Dallas Buyers Club,2013,6
Dampfnudelblues,2013,5
Despicable Me 2,2013,5
Don Jon,2013,6
Drinking Buddies,2013,7
Elysium,2013,4
Enough Said,2013,8
Evil Dead,2013,7
Fading Gigolo,2013,6
Fast & Furious 6,2013,7
Gangster Squad,2013,3
Gold,2013,2
Gravity,2013,8
Grown Ups 2,2013,3
Hansel & Gretel: Witch Hunters,2013,1
Hell Baby,2013,3
Her,2013,9
Horns,2013,5
I Give It a Year,2013,4
I Used to Be Darker,2013,9
Identity Thief,2013,2
Inside Llewyn Davis,2013,9
Iron Man 3,2013,4
Joe,2013,8
Kick-Ass 2,2013,1
Knights of Badassdom,2013,3
Liars All,2013,1
"Like Father, Like Son",2013,8
Lil Bub & Friendz,2013,2
Love Is the Perfect Crime,2013,4
Machete Kills,2013,2
Man of Steel,2013,2
Micky Flanagan: Live – Back in the Game Tour,2013,4
Movie 43,2013,1
Nebraska,2013,5
Night Moves,2013,8
Nobody's Daughter Haewon,2013,6
Now You See Me,2013,3
Nymphomaniac: Vol. I,2013,8
Oblivion,2013,2
Oldboy,2013,4
Olympus Has Fallen,2013,4
Only God Forgives,2013,5
Only Lovers Left Alive,2013,8
Our Sunhi,2013,8
Oz the Great and Powerful,2013,4
Pacific Rim,2013,8
Pain & Gain,2013,7
Prince Avalanche,2013,6
Prisoners,2013,6
R.I.P.D.,2013,2
Rapture-Palooza,2013,2
Runner Runner,2013,3
Rush,2013,7
Safe Haven,2013,2
Saving Mr. Banks,2013,4
Scary Movie 5,2013,2
Short Term 12,2013,8
Side Effects,2013,5
Snitch,2013,3
Snowpiercer,2013,7
Sorrow and Joy,2013,6
Spieltrieb,2013,4
Star Trek Into Darkness,2013,5
Stoker,2013,6
The Arrested Development Documentary Project,2013,4
The Big Wedding,2013,2
The Bling Ring,2013,8
The Butler,2013,5
The Conjuring,2013,6
The Counselor,2013,8
The Dirties,2013,7
The East,2013,5
The Family,2013,3
The Flu,2013,7
The Grandmaster,2013,4
The Great Beauty,2013,9
The Great Gatsby,2013,5
The Hangover Part III,2013,2
The Heat,2013,7
The Hobbit: The Desolation of Smaug,2013,4
The Hunger Games: Catching Fire,2013,6
The Incredible Burt Wonderstone,2013,2
The Internship,2013,4
The Kings of Summer,2013,6
The Last Days on Mars,2013,3
The Last Stand,2013,8
The Purge,2013,2
The Spectacular Now,2013,7
The To Do List,2013,4
The Way Way Back,2013,6
The Wolf of Wall Street,2013,8
The World's End,2013,8
This Is the End,2013,4
Thor: The Dark World,2013,5
Trance,2013,4
Upstream Color,2013,7
V/H/S/2,2013,6
Warm Bodies,2013,4
We're the Millers,2013,2
Welcome to the Jungle,2013,2
White Reindeer,2013,7
World War Z,2013,4
Wrong Cops,2013,5
Young & Beautiful,2013,6
"20,000 Days on Earth",2014,7
22 Jump Street,2014,6
A Girl Walks Home Alone at Night,2014,7
A Hard Day,2014,7
A Haunted House 2,2014,1
A Long Way Down,2014,5
A Million Ways to Die in the West,2014,4
A Pigeon Sat on a Branch Reflecting on Existence,2014,7
Altman,2014,5
American Sniper,2014,6
Amour Fou,2014,6
And We Made the Room Shine,2014,7
Bad Johnson,2014,1
Birdman or (The Unexpected Virtue of Ignorance),2014,8
Boyhood,2014,7
Calvary,2014,7
Captain America: The Winter Soldier,2014,7
Chef,2014,7
Citizenfour,2014,7
Come to My Voice,2014,6
Cuban Fury,2014,6
Dear White People,2014,7
Down the River,2014,7
Edge of Tomorrow,2014,6
Force Majeure,2014,8
Foxcatcher,2014,6
Free to Play,2014,6
Gone Girl,2014,7
Goodbye to Language,2014,4
Goodnight Mommy,2014,7
Guardians of the Galaxy,2014,8
Hill of Freedom,2014,6
Horrible Bosses 2,2014,4
In the Basement,2014,6
Inherent Vice,2014,7
Interstellar,2014,5
Into the Storm,2014,3
John Wick,2014,7
Kingsman: The Secret Service,2014,6
Learning to Drive,2014,6
Let's Be Cops,2014,2
Listen Up Philip,2014,8
Lost River,2014,5
Lucy,2014,4
Magic in the Moonlight,2014,4
Muppets Most Wanted,2014,5
National Gallery,2014,6
Neighbors,2014,5
Nightcrawler,2014,10
Nymphomaniac,2014,9
Obvious Child,2014,8
Paddington,2014,7
Pirates of Salé,2014,5
Playing It Cool,2014,4
Reality,2014,8
Red Army,2014,6
Redirected,2014,5
RoboCop,2014,4
Samba,2014,4
Sex Tape,2014,2
She's Funny That Way,2014,6
St. Vincent,2014,6
Supervenus,2014,4
That Awkward Moment,2014,5
The Amazing Spider-Man 2,2014,6
The Dark Valley,2014,6
The Gambler,2014,6
The Giver,2014,3
The Grand Budapest Hotel,2014,8
The Hobbit: The Battle of the Five Armies,2014,4
The Hundred-Foot Journey,2014,4
The Hunger Games: Mockingjay – Part 1,2014,6
The Imitation Game,2014,5
The Interview,2014,4
The Lego Movie,2014,6
The Look of Silence,2014,8
The One I Love,2014,6
The Skeleton Twins,2014,6
The Target,2014,3
They Came Together,2014,6
Top Five,2014,6
Tusk,2014,1
What We Do in the Shadows,2014,9
Whiplash,2014,9
White Bird in a Blizzard,2014,5
Wild Tales,2014,7
Winter Sleep,2014,7
Wolves,2014,1
X-Men: Days of Future Past,2014,6
7 Days in Hell,2015,6
A Very Murray Christmas,2015,5
American Ultra,2015,5
Anarchy Parlor,2015,1
Anomalisa,2015,8
Ant-Man,2015,4
Avengers: Age of Ultron,2015,6
Brooklyn,2015,7
Circle,2015,5
Counting,2015,6
Crimson Peak,2015,4
Daft Punk Unchained,2015,5
Dope,2015,6
Embrace of the Serpent,2015,8
Everest,2015,5
Ex Machina,2015,8
Fifty Shades of Grey,2015,2
Furious 7,2015,6
Green Room,2015,6
High-Rise,2015,6
Hot Girls Wanted,2015,4
Hot Pursuit,2015,5
Jen Kirkman: I'm Gonna Die Alone (And I Feel Fine),2015,6
Junun,2015,6
Look Who's Back,2015,6
Mad Max: Fury Road,2015,10
Man Up,2015,6
Mission: Impossible – Rogue Nation,2015,7
Mistress America,2015,7
Nightlife,2015,7
One Floor Below,2015,7
Our Last Tango,2015,6
Pixels,2015,3
Queen of Earth,2015,7
"Right Now, Wrong Then",2015,5
Scouts Guide to the Zombie Apocalypse,2015,5
Sicario,2015,9
Slow West,2015,6
Spotlight,2015,8
Spy,2015,8
Star Wars: The Force Awakens,2015,6
The Big Short,2015,8
The Clan,2015,6
The Devil's Candy,2015,4
The Final Girls,2015,6
The Hateful Eight,2015,6
The Human Centipede 3 (Final Sequence),2015,1
The Invitation,2015,5
The Lobster,2015,8
The Man from U.N.C.L.E.,2015,7
The Martian,2015,6
The Overnight,2015,7
The Witch,2015,8
Trainwreck,2015,5
Vacation,2015,3
Victoria,2015,6
Where to Invade Next,2015,5
Youth,2015,7
A Cure for Wellness,2016,3
A Street Cat Named Bob,2016,4
All of a Sudden,2016,6
Arrival,2016,8
Before the Flood,2016,5
Blue Jay,2016,6
Bo Burnham: Make Happy,2016,7
Captain America: Civil War,2016,8
Certain Women,2016,7
Creepy,2016,6
Dark Night,2016,6
Deadpool,2016,6
Doctor Strange,2016,6
Don't Breathe,2016,7
Elle,2016,6
Fantastic Beasts and Where to Find Them,2016,6
Fittest on Earth: The Story of the 2015 Reebok CrossFit Games,2016,6
Friend Request,2016,3
Ghostbusters,2016,2
Gimme Danger,2016,7
Gold,2016,2
Grimsby,2016,5
"Hail, Caesar!",2016,6
Hidden Reserves,2016,4
Homo Sapiens,2016,7
Kills on Wheels,2016,5
La La Land,2016,8
Manchester by the Sea,2016,9
Masterminds,2016,3
Mike and Dave Need Wedding Dates,2016,2
Mindhorn,2016,6
Moonlight,2016,7
Mother,2016,5
Neruda,2016,5
Nocturnal Animals,2016,6
Office Christmas Party,2016,4
Paterson,2016,7
Patriots Day,2016,5
Personal Shopper,2016,9
Planetarium,2016,3
Popstar: Never Stop Never Stopping,2016,8
Raw,2016,7
Sami Blood,2016,8
Sausage Party,2016,5
Schweinskopf al dente,2016,4
Sing,2016,5
Special Correspondents,2016,3
Split,2016,5
Swiss Army Man,2016,7
The Autopsy of Jane Doe,2016,7
The Bad Batch,2016,5
The Fundamentals of Caring,2016,7
The Girl on the Train,2016,5
The Handmaiden,2016,8
The Jungle Book,2016,6
The Late Bloomer,2016,6
The Neon Demon,2016,6
The Nice Guys,2016,7
The Other Side of the Door,2016,4
The Salesman,2016,8
The Secret Life of Pets,2016,6
The Wailing,2016,10
Tom Segura: Mostly Stories,2016,6
Tomcat,2016,7
Toni Erdmann,2016,9
Train to Busan,2016,8
True Memoirs of an International Assassin,2016,2
United States of Love,2016,6
War on Everyone,2016,6
Welcome to Hartmanns,2016,4
Where Am I Going?,2016,7
Why Him?,2016,3
Wiener-Dog,2016,5
Yourself and Yours,2016,6
Zero Days,2016,7
Zootopia,2016,6
12 Days,2017,3
24 Frames,2017,7
47 Meters Down,2017,2
68 Kill,2017,6
A Ghost Story,2017,8
Alien: Covenant,2017,6
Anna Fucking Molnar,2017,5
Araby,2017,8
Arthur & Claire,2017,5
Atomic Blonde,2017,6
Baby Driver,2017,8
Battle of the Sexes,2017,6
Baywatch,2017,3
Bed Bugs,2017,8
Berlin Syndrome,2017,5
Black Mirror: USS Callister,2017,6
Blade Runner 2049,2017,8
Boar,2017,4
Brad's Status,2017,7
Bullyparade: The Movie,2017,3
C'est la vie!,2017,7
Casting,2017,7
Claire's Camera,2017,6
Cold Hell,2017,7
Darkest Hour,2017,7
Dave Chappelle: Equanimity,2017,8
Dave Chappelle: The Age of Spin,2017,8
Dave Chappelle: The Bird Revelation,2017,8
Daybreak,2017,6
Detroit,2017,8
Downsizing,2017,6
Dunkirk,2017,7
Escape Room,2017,1
Euphoria,2017,6
FAR. The Story of a Journey around the World,2017,7
Father Figures,2017,4
Finding Your Feet,2017,4
First Reformed,2017,7
Fist Fight,2017,3
Foreboding: Serial Version,2017,6
Forgotten,2017,7
Geostorm,2017,3
Gerald's Game,2017,7
Get Out,2017,7
Ghost in the Shell,2017,6
Ghost Stories,2017,5
Golden Exits,2017,9
Good Time,2017,8
Green River: The Time of the Yakurunas,2017,6
Guardians of the Galaxy Vol. 2,2017,7
Hangman,2017,3
Happy Death Day,2017,6
Hasan Minhaj: Homecoming King,2017,8
Have a Nice Day,2017,7
House in the Fields,2017,6
"I, Tonya",2017,7
Inflame,2017,5
Ingrid Goes West,2017,6
It,2017,8
It Came from the Desert,2017,2
It Comes at Night,2017,6
Jeune Femme,2017,7
Jim & Andy: The Great Beyond,2017,6
Jumanji: Welcome to the Jungle,2017,7
Jungle,2017,6
Kong: Skull Island,2017,3
Lady Bird,2017,8
Last Flag Flying,2017,7
Life,2017,6
Little Harbour,2017,4
Louis C.K. 2017,2017,6
Loveless,2017,9
Lowlife,2017,7
Lucky,2017,6
Mariphasa,2017,1
Men Don't Cry,2017,6
Molly's Game,2017,7
Mr. Long,2017,10
November,2017,6
Okja,2017,9
Old Love,2017,7
On the Beach at Night Alone,2017,7
One Cut of the Dead,2017,7
Paddington 2,2017,8
Patti Cake$,2017,7
Patton Oswalt: Annihilation,2017,6
Person to Person,2017,7
Pitch Perfect 3,2017,5
Rosamunde Pilcher: Fast noch verheiratet,2017,5
Rough Night,2017,6
Sand and Blood,2017,6
Shock Wave,2017,4
Snatched,2017,4
Sollers Point,2017,6
Some Like It Veiled,2017,4
Spider-Man: Homecoming,2017,6
Spit’n’Split,2017,6
Star Wars: The Last Jedi,2017,7
Suburbicon,2017,8
Sweet Country,2017,5
Tehran Taboo,2017,8
The Babysitter,2017,4
The Bar,2017,6
The Beguiled,2017,5
The Big Sick,2017,9
The Black Room,2017,3
The Circle,2017,2
The Citizen,2017,5
The Clapper,2017,5
The Dark Tower,2017,3
The Day After,2017,6
The Death of Stalin,2017,8
The Disaster Artist,2017,8
The Emoji Movie,2017,5
The Fate of the Furious,2017,6
The Florida Project,2017,8
The Greatest Showman,2017,5
The Hitman's Bodyguard,2017,6
The House,2017,5
The House by the Sea,2017,7
The Incredible Jessica James,2017,6
The Killing of a Sacred Deer,2017,8
The Lego Batman Movie,2017,7
The Misandrists,2017,2
The Mountain Between Us,2017,4
The Ritual,2017,7
The Shape of Water,2017,6
The Snowman,2017,4
The Third Murder,2017,6
The White Girl,2017,4
Thirst Street,2017,4
Thor: Ragnarok,2017,6
Thoroughbreds,2017,6
"Three Billboards Outside Ebbing, Missouri",2017,8
Three Lights,2017,4
Todd Barry: Spicy Honey,2017,5
Valerian and the City of a Thousand Planets,2017,4
Veronica,2017,7
Victor Crowley,2017,6
Walk with Me,2017,6
Wild Mouse,2017,7
Wind River,2017,7
Wonder Wheel,2017,6
Wonder Woman,2017,6
You Were Never Really Here,2017,7
Zombiology: Enjoy Yourself Tonight,2017,4
3 Faces,2018,7
A Land Imagined,2018,6
A Quiet Place,2018,7
A Simple Favor,2018,6
A Star Is Born,2018,6
Annihilation,2018,7
Ash Is Purest White,2018,6
Avengers: Infinity War,2018,7
Bad Times at the El Royale,2018,6
Bird Box,2018,3
Black Panther,2018,5
BlacKkKlansman,2018,8
Blockers,2018,6
Bohemian Rhapsody,2018,6
Book Club,2018,5
Border,2018,7
Breaking In,2018,4
Bumblebee,2018,4
Burning,2018,10
Casanova Gene,2018,7
Chris Rock: Tamborine,2018,6
Climax,2018,6
Crazy Rich Asians,2018,6
Deadpool 2,2018,8
Deep Blue Sea 2,2018,3
Die Wunderübung,2018,5
Eighth Grade,2018,8
El Angel,2018,6
Fantastic Beasts: The Crimes of Grindelwald,2018,4
First Man,2018,7
Game Night,2018,6
"Game Over, Man!",2018,3
Garbage,2018,3
Ghostland,2018,6
Green Book,2018,6
Gringo,2018,3
Happy as Lazzaro,2018,6
Her Smell,2018,8
Hereditary,2018,10
High Life,2018,6
Hotel Artemis,2018,5
Hotel by the River,2018,7
How to Be Really Bad,2018,6
"Human, Space, Time and Human",2018,5
I Feel Pretty,2018,4
Ideal Home,2018,5
In Fabric,2018,7
Isle of Dogs,2018,8
James Acaster: Repertoire,2018,8
Jim Jefferies: This Is Me Now,2018,8
King of Thieves,2018,3
Mamma Mia! Here We Go Again,2018,5
mid90s,2018,6
MILF,2018,3
Minding the Gap,2018,8
Mission: Impossible – Fallout,2018,8
"Murder Me, Monster",2018,4
Nightmare Cinema,2018,6
Non-Fiction,2018,7
Nothing to Hide,2018,5
Ocean's Eight,2018,4
On the Basis of Sex,2018,6
Our House,2018,6
Overboard,2018,5
Ready Player One,2018,4
Red Sparrow,2018,4
Ricky Gervais: Humanity,2018,8
Roma,2018,7
Sauerkrautkoma,2018,5
Searching,2018,7
Set It Up,2018,5
Shoplifters,2018,9
Sicario: Day of the Soldado,2018,7
Sierra Burgess Is a Loser,2018,5
Sink or Swim,2018,6
Songwriter,2018,5
Spider-Man: Into the Spider-Verse,2018,7
Support the Girls,2018,8
Suspiria,2018,7
Tag,2018,6
Terminal,2018,6
The Ballad of Buster Scruggs,2018,8
The Biggest Little Farm,2018,6
The Commuter,2018,5
The Favourite,2018,7
The House That Jack Built,2018,8
The Man Who Killed Don Quixote,2018,7
The Meg,2018,6
The Most Assassinated Woman in the World,2018,4
The Open House,2018,5
The Sisters Brothers,2018,8
The Spy Who Dumped Me,2018,5
The Week Of,2018,6
Tom Segura: Disgraceful,2018,7
Tomb Raider,2018,4
Truth or Dare,2018,2
Tully,2018,7
Under the Silver Lake,2018,8
Vice,2018,6
Vox Lux,2018,6
Welcome to Marwen,2018,6
What Doesn't Kill Us,2018,7
What Have We Done to Deserve This?,2018,6
Woman at War,2018,5
Yardie,2018,6
A Girl Missing,2019,5
A Rainy Day in New York,2019,4
Always Be My Maybe,2019,6
An Easy Girl,2019,5
Avengers: Endgame,2019,8
Berlin Bouncer,2019,4
Between Two Ferns: The Movie,2019,5
Bombshell,2019,6
Booksmart,2019,9
Brittany Runs a Marathon,2019,7
Child's Play,2019,5
Cold Pursuit,2019,6
Crawl,2019,6
Crescendo,2019,5
Deerskin,2019,7
Escape Room,2019,4
First Cow,2019,7
First Love,2019,7
Fyre,2019,7
Good Boys,2019,7
Guava Island,2019,6
Happy Death Day 2U,2019,4
Hustlers,2019,6
In the Tall Grass,2019,4
Isn't It Romantic,2019,6
Jexi,2019,3
Jojo Rabbit,2019,7
Joker,2019,8
Knives and Skin,2019,7
Knives Out,2019,8
Late Night,2019,6
Leberkäsjunkie,2019,6
Little Women,2019,8
Long Shot,2019,7
Love Machine,2019,5
Marriage Story,2019,8
Men in Black: International,2019,2
Midnight Family,2019,8
Midsommar,2019,8
Monos,2019,6
Motherless Brooklyn,2019,5
Murder Mystery,2019,5
Official Secrets,2019,7
Once Upon a Time... in Hollywood,2019,8
Otherhood,2019,4
Parasite,2019,9
Pet Sematary,2019,5
Pokémon Detective Pikachu,2019,6
Portrait of a Lady on Fire,2019,6
Ready or Not,2019,6
Rebels,2019,4
Scary Stories to Tell in the Dark,2019,6
Shazam!,2019,8
Star Wars: The Rise of Skywalker,2019,4
Swallow,2019,7
The Beach Bum,2019,8
The Collini Case,2019,5
The Dead Don't Die,2019,7
"The Gangster, the Cop, the Devil",2019,6
The Hole in the Ground,2019,6
The Irishman,2019,8
The Lighthouse,2019,8
The Lodge,2019,6
The Lonely Island Presents: The Unauthorized Bash Brothers Experience,2019,9
The Perfect Secret,2019,3
The Platform,2019,7
The Queen's Corgi,2019,3
The Secret Life of Pets 2,2019,5
The Silence,2019,4
The Whistlers,2019,6
Uncut Gems,2019,8
Unzertrennlich,2019,4
Velvet Buzzsaw,2019,6
Vivarium,2019,5
Wine Country,2019,5
Wounds,2019,6
Yesterday,2019,8
Young Ahmed,2019,6
Zombi Child,2019,5
Airplane Mode,2020,3
Another Round,2020,6
Berlin Alexanderplatz,2020,5
Beyond the Infinite Two Minutes,2020,7
Birds of Prey (and the Fantabulous Emancipation of One Harley Quinn),2020,6
Borat Subsequent Moviefilm: Delivery of Prodigious Bribe to American Regime for Make Benefit Once Glorious Nation of Kazakhstan,2020,6
Cheer,2020,8
Da 5 Bloods,2020,7
Davos,2020,5
Delete History,2020,6
Eurovision Song Contest: The Story of Fire Saga,2020,5
Falling,2020,5
Fantasy Island,2020,2
Fox in a Hole,2020,8
French Exit,2020,5
Friendsgiving,2020,3
Happiest Season,2020,3
I Care a Lot,2020,4
I'm Thinking of Ending Things,2020,6
Kill It and Leave This Town,2020,6
Lost Girls,2020,5
Love and Monsters,2020,5
Mainstream,2020,5
Malmkrog,2020,5
Minari,2020,8
Miss Marx,2020,6
My Octopus Teacher,2020,6
Never Rarely Sometimes Always,2020,7
Nocturne,2020,2
Nomadland,2020,8
Notes from the Underworld,2020,7
Palm Springs,2020,7
Promising Young Woman,2020,8
Rebecca,2020,4
Shirley,2020,7
Siberia,2020,3
Slow Machine,2020,7
Soul,2020,7
Spring Blossom,2020,3
The Call of the Wild,2020,2
The Calming,2020,4
The Half of It,2020,6
The Intruder,2020,4
The Invisible Man,2020,7
The Lovebirds,2020,7
The Midnight Sky,2020,4
The Truffle Hunters,2020,7
The Woman Who Ran,2020,7
The World to Come,2020,5
Tiger King,2020,7
Unbreakable Kimmy Schmidt: Kimmy vs. the Reverend,2020,7
Uncorked,2020,6
Underwater,2020,5
A Castle for Christmas,2021,2
Annette,2021,7
Army of the Dead,2021,6
Benedetta,2021,3
Bergman Island,2021,7
Bo Burnham: Inside,2021,8
Compartment No. 6,2021,8
Don't Look Up,2021,6
Dune,2021,8
Escape Room: Tournament of Champions,2021,4
Everything Went Fine,2021,6
F9,2021,4
Fatherhood,2021,4
Framing Britney Spears,2021,6
France,2021,4
Free Guy,2021,3
Happening,2021,6
Hinterland,2021,6
In Front of Your Face,2021,5
Kaiserschmarrndrama,2021,5
Licorice Pizza,2021,8
Midnight Mass,2021,8
Old,2021,5
Red Notice,2021,4
Red Rocket,2021,8
Spencer,2021,6
Squid Game,2021,6
Stuck Together,2021,4
The Card Counter,2021,6
"The French Dispatch of the Liberty, Kansas Evening Sun",2021,7
The Green Knight,2021,9
The Hand of God,2021,6
The Mitchells vs. the Machines,2021,6
The Power of the Dog,2021,6
The Protégé,2021,4
The Worst Person in the World,2021,8
Titane,2021,7
Armageddon Time,2022,6
Avatar: The Way of Water,2022,6
Barbarian,2022,5
Bodies Bodies Bodies,2022,4
Bones and All,2022,7
Broker,2022,8
Bros,2022,7
Bullet Train,2022,6
Crimes of the Future,2022,4
Day Shift,2022,3
Death on the Nile,2022,4
Decision to Leave,2022,8
Deep Water,2022,3
Everything Everywhere All at Once,2022,8
Fall,2022,2
Final Cut,2022,7
Glass Onion,2022,7
Hustle,2022,7
Incredible But True,2022,6
Jackass Forever,2022,6
Me Time,2022,3
Men,2022,4
No Bears,2022,6
Nope,2022,8
Property,2022,6
Return to Seoul,2022,6
Showing Up,2022,6
Smoking Causes Coughing,2022,7
Sparta,2022,6
Stonewalling,2022,6
The Banshees of Inisherin,2022,8
The Batman,2022,8
The Bubble,2022,5
The Eternal Daughter,2022,5
The First Slam Dunk,2022,8
The Lost City,2022,5
The Man from Toronto,2022,3
The Menu,2022,8
The Northman,2022,5
The Novelist's Film,2022,5
The Quiet Girl,2022,8
The Tinder Swindler,2022,5
The Unbearable Weight of Massive Talent,2022,7
The United States of America,2022,5
The Weekend Away,2022,2
The Whale,2022,5
Thor: Love and Thunder,2022,5
Tori and Lokita,2022,6
Vesper,2022,5
Walk Up,2022,6
Windfall,2022,6
Women Talking,2022,6
X,2022,7
American Fiction,2023,6
Anatomy of a Fall,2023,8
Asteroid City,2023,7
Bad Living,2023,6
Barbie,2023,7
Beau Is Afraid,2023,7
Candy Cane Lane,2023,3
Club Zero,2023,5
Daaaaaalí!,2023,9
Evil Does Not Exist,2023,7
Guardians of the Galaxy Vol. 3,2023,7
Happiness for Beginners,2023,4
In Our Day,2023,4
In Water,2023,6
Infinity Pool,2023,6
Kill Boksoon,2023,5
Killers of the Flower Moon,2023,8
Living Bad,2023,6
Losing Faith,2023,3
Manodrome,2023,5
Mission: Impossible – Dead Reckoning,2023,7
Murder Mystery 2,2023,5
No Hard Feelings,2023,6
Pain Hustlers,2023,4
Perpetrator,2023,5
Poor Things,2023,8
Priscilla,2023,6
Saltburn,2023,5
Seven Veils,2023,5
She Came to Me,2023,5
Sira,2023,7
Sun and Concrete,2023,8
The Bride,2023,8
The Day Iceland Stood Still,2023,6
The Holdovers,2023,7
The Intrusion,2023,5
The Old Oak,2023,7
The Zone of Interest,2023,8
Vincent Must Die,2023,4
Yannick,2023,8
You People,2023,5
Your Place or Mine,2023,3
A Different Man,2024,6
A Real Pain,2024,6
Alien: Romulus,2024,6
Anora,2024,9
Babygirl,2024,5
Brief History of a Family,2024,6
By the Stream,2024,4
Challengers,2024,8
Civil War,2024,6
Dune: Part Two,2024,7
Eden,2024,5
Emilia Pérez,2024,6
Escape from the 21st Century,2024,6
Exhuma,2024,7
Fario,2024,5
Favoriten,2024,8
Flow,2024,7
Furiosa: A Mad Max Saga,2024,8
Handling the Undead,2024,4
Heretic,2024,7
Ivo,2024,5
La Cocina,2024,7
Longlegs,2024,6
Memoir of a Snail,2024,6
Moon,2024,5
Nosferatu,2024,6
Paddington in Peru,2024,6
Parthenope,2024,6
Pavements,2024,7
Pepe,2024,4
Persona non grata,2024,7
Queer,2024,4
Realm of Satan,2024,3
Rumours,2024,6
Sasquatch Sunset,2024,5
Scoop,2024,5
Sons,2024,5
Souleymane's Story,2024,5
Spaceman,2024,5
Suspended Time,2024,5
The Brutalist,2024,8
The Devil's Bath,2024,6
The Empire,2024,1
The Fall Guy,2024,6
The Invisible Zoo,2024,7
The Room Next Door,2024,6
The Roundup: Punishment,2024,6
The Second Act,2024,6
The Seed of the Sacred Fig,2024,5
The Substance,2024,8
Treasure,2024,5
Universal Language,2024,6
Visiting Hours,2024,6
We Bury the Dead,2024,6
We Live in Time,2024,7
Wild Diamond,2024,5
28 Years Later,2025,8
A House of Dynamite,2025,5
Alpha,2025,6
Anemone,2025,4
Black Bag,2025,7
Bridget Jones: Mad About the Boy,2025,7
Bugonia,2025,5
Caught Stealing,2025,7
Dracula,2025,3
Eddington,2025,7
Elio,2025,6
Far from Being Lipizzans,2025,8
Father Mother Sister Brother,2025,7
Green Light,2025,7
Heads or Tails?,2025,5
KPop Demon Hunters,2025,6
Late Fame,2025,5
Late Shift,2025,5
Manitou's Canoe,2025,4
Marty Supreme,2025,8
Materialists,2025,7
Mickey 17,2025,8
Mission: Impossible – The Final Reckoning,2025,7
Mother's Baby,2025,6
No Other Choice,2025,8
One Battle After Another,2025,10
Pillion,2025,7
Rental Family,2025,6
Sentimental Value,2025,7
Sinners,2025,7
Superman,2025,6
THE CHASE - A Cocodona 250 Story,2025,7
The Chronology of Water,2025,6
The Fence,2025,3
The Last One for the Road,2025,6
The Last Viking,2025,4
The Long Walk,2025,6
The Mastermind,2025,8
The Naked Gun,2025,8
The Phoenician Scheme,2025,7
The Residence,2025,5
The Roses,2025,5
The Souffleur,2025,2
The Thursday Murder Club,2025,4
Titan: The OceanGate Submersible Disaster,2025,6
Together,2025,7
Unknown Number: The High School Catfish,2025,6
Wake Up Dead Man,2025,8
Weapons,2025,9
What Does That Nature Say to You,2025,5
28 Years Later: The Bone Temple,2026,7
Fabian and the Deadly Wedding,2026,2
Project Hail Mary,2026,8
The Moment,2026,6
The Super Mario Galaxy Movie,2026,4
